company_name,company_legal_names,company_commercial_names,main_country_code,main_region,main_city_district,main_city,main_postcode,main_street,main_street_number,main_latitude,main_longitude,main_address_raw_text,locations,short_description,long_description,business_tags,product_type,main_industry,main_sector,primary_phone,phone_numbers,primary_email,emails,other_emails,website_url,website_domain,website_language_code,facebook_url,twitter_url,instagram_url,linkedin_url,ios_app_url,android_app_url,youtube_url,generated_description,generated_business_tags,domains,id
,,,in,karnataka,south zone,bengaluru,560070,,,12.924982070922852,77.57035827636719,,"in, india, karnataka, bengaluru, 560070, , , 12.924982070922852, 77.57035827636719 | in, india, karnataka, bengaluru, 560027, , , 12.960800170898438, 77.59233093261719 | in, india, west bengal, kolkata, 700014, , , 22.55449104309082, 88.36934661865234 | in, india, bihar, patna, 800001, , , 25.609323501586914, 85.12352752685547 | in, india, bihar, muzaffarpur, 843108, , , 26.17674446105957, 85.32744598388672 | in, india, bihar, patna, 800013, , , 25.625711646153846, 85.10842900384615 | in, india, uttar pradesh, noida, 201305, , , 28.529367446899414, 77.4126968383789 | in, india, gujarat, ahmedabad, 380001, , , 23.00251007080078, 72.54631805419922 | in, india, andhra pradesh, eluru, 534002, , , 16.713666915893555, 81.10128784179688 | in, india, tamil nÄdu, , 607001, , , 11.756308555603027, 79.76200866699219",,,,,,,,,,,,,helpageindia.org,,,,,,,,,,,helpageindia.org,4175
