company_name,company_legal_names,company_commercial_names,main_country_code,main_region,main_city_district,main_city,main_postcode,main_street,main_street_number,main_latitude,main_longitude,main_address_raw_text,locations,short_description,long_description,business_tags,product_type,main_industry,main_sector,primary_phone,phone_numbers,primary_email,emails,other_emails,website_url,website_domain,website_language_code,facebook_url,twitter_url,instagram_url,linkedin_url,ios_app_url,android_app_url,youtube_url,generated_description,generated_business_tags,domains,id
,,,in,uttar pradesh,,chinhat,226010,,,26.868221282958984,81.00927734375,,"in, india, uttar pradesh, chinhat, 226010, , , 26.868221282958984, 81.00927734375 | in, india, uttar pradesh, noida, 201301, nilgiri play area, , 28.5827697, 77.3629849 | in, india, uttar pradesh, lucknow, 226010, no name, , 26.854475021362305, 81.01204681396484 | in, india, uttar pradesh, aliganj, , , , 27.479557037353516, 78.93465423583984 | in, india, gujarat, ahmedabad, 380015, , , 23.0216238, 72.5797068 | in, india, tamil nÄdu, madurai, 625007, p & t nagar main road, , 9.9596013, 78.1281179 | in, india, jammu and kashmir, jammu, 180020, trikuta nagar link rd, 3rd floor, 32.69895553588867, 74.87940979003906 | in, india, kerala, , 682025, salem - kochi - kanyakumari road, , 10.006034851074219, 76.312744140625 | in, india, karnataka, bengaluru, 560105, bannerghatta main road, 7th floor, 12.805644035339355, 77.5936508178711 | in, india, maharashtra, pune, 411040, , , 18.510908126831055, 73.88510131835938",,,,,,,,,,,,,industowers.com,,,,,,,,,,,industowers.com,23752
